"name","creditScore","debtLoad","householdIncome","houseValue","currentBalance","monthlyPayment","interestRate","monthsRemaining","discountRate","debtToIncomeRatio","loanToValueRatio","predictedRefiRate","predictedRefiClosingCosts","refiMonthlyPayment","grossTotalCostCurrent","grossTotalCostRefi","npvCurrent","npvRefi","timeToBreakeven","decision"
"Taylor",839,400000,350000,806388,403194,5527.132239,0.055,89,0.05,1.14285714285714,0.5,0.0283368,7531.94,5028.31057946103,491914.769271,455051.581572032,412011.76712124,382359.796091425,15,"++ Refi!"
"Jan",623,1200000,220000,5390000,539000,3362.007651,0.063,352,0.03,5.45454545454545,0.1,0.0278796202020202,8890,2243.46747374821,1183426.693152,798590.550759369,788354.806243509,534959.107860095,7,"++ Refi!"
"Jess",585,2000000,80000,5600000,700000,6250.053012,0.049,150,0.025,25,0.125,0.0287359393939394,10500,5560.39242066826,937507.9518,844558.863100239,806122.272636659,727670.904997878,15,"++ Refi!"
"Scott",777,593000,120000,711600,593000,5644.223508,0.098,240,0.022,4.94166666666667,0.833333333333333,0.0326073831649832,9430,3366.70184911863,1354613.64192,817438.443788471,1097102.22432687,663836.417832001,4,"++ Refi!"
"Garret",520,1450000,55000,560000,400000,7612.909507,0.012,54,0.03,26.3636363636364,0.714285714285714,0.0355687619047619,7500,8026.9768044572,411097.113378,440956.747440689,385067.734788086,413511.627019442,Inf,"-- Do nothing --"
