name,creditScore,debtLoad,householdIncome,houseValue,currentBalance,monthlyPayment,interestRate,monthsRemaining,discountRate
Taylor,839,400000,350000,806388,403194,5527.132239,0.055,89,0.05
Jan,623,1200000,220000,5390000,539000,3362.007651,0.063,352,0.03
Jess,585,2000000,80000,5600000,700000,6250.053012,0.049,150,0.025
Scott,777,593000,120000,711600,593000,5644.223508,0.098,240,0.022
Garret,520,1450000,55000,560000,400000,7612.909507,0.012,54,0.03
